id,timestamp,message,attributes,tags
aaa6bc42-d5fe-4610-a638-163b2b8569aa,2026-06-04 05:40:02.154171000,==> Waiting for database...,{},"{""idDeployment"":""2f999427-6653-4e47-9321-34965df91a98"",""idApp"":""1e39cde8-5647-4752-ae30-96f37b63b227"",""container"":""stateless"",""podName"":""mailyt-cuidalegacy-wxnx5-web-d4d7cdcf6-6pb5x"",""idProcess"":""98a19179-c453-4c36-895f-3063774b4add"",""idCompany"":""4d4bb1b2-9be4-42a9-b4a9-b948a3d2d863""}"
0d816e73-0bd3-497a-8124-438ba70c5a62,2026-06-04 05:40:02.854976000,==> Database ready.,{},"{""idDeployment"":""2f999427-6653-4e47-9321-34965df91a98"",""idApp"":""1e39cde8-5647-4752-ae30-96f37b63b227"",""container"":""stateless"",""podName"":""mailyt-cuidalegacy-wxnx5-web-d4d7cdcf6-6pb5x"",""idProcess"":""98a19179-c453-4c36-895f-3063774b4add"",""idCompany"":""4d4bb1b2-9be4-42a9-b4a9-b948a3d2d863""}"
317a99ba-0bda-45f0-8480-e394afc62b61,2026-06-04 05:40:02.855021000,==> Running migrations...,{},"{""idDeployment"":""2f999427-6653-4e47-9321-34965df91a98"",""idApp"":""1e39cde8-5647-4752-ae30-96f37b63b227"",""container"":""stateless"",""podName"":""mailyt-cuidalegacy-wxnx5-web-d4d7cdcf6-6pb5x"",""idProcess"":""98a19179-c453-4c36-895f-3063774b4add"",""idCompany"":""4d4bb1b2-9be4-42a9-b4a9-b948a3d2d863""}"
dfbf51a3-3d3a-41fa-ab6a-a023aadfa912,2026-06-04 05:40:10.328305000,Operations to perform:,{},"{""idDeployment"":""2f999427-6653-4e47-9321-34965df91a98"",""idApp"":""1e39cde8-5647-4752-ae30-96f37b63b227"",""container"":""stateless"",""podName"":""mailyt-cuidalegacy-wxnx5-web-d4d7cdcf6-6pb5x"",""idProcess"":""98a19179-c453-4c36-895f-3063774b4add"",""idCompany"":""4d4bb1b2-9be4-42a9-b4a9-b948a3d2d863""}"
f3678a68-ce72-4ff1-86f5-c210dbccb618,2026-06-04 05:40:10.328335000,"  Apply all migrations: accounts, admin, analytics, appointments, audit, auth, axes, chat, contenttypes, coupons, django_celery_beat, documents, family_care, gamification, lab_results, medications, notifications, nutrition, partners, payments, prescriptions, sessions, specialists, surveys, telemedicine, token_blacklist, vitals, wellness",{},"{""idDeployment"":""2f999427-6653-4e47-9321-34965df91a98"",""idApp"":""1e39cde8-5647-4752-ae30-96f37b63b227"",""container"":""stateless"",""podName"":""mailyt-cuidalegacy-wxnx5-web-d4d7cdcf6-6pb5x"",""idProcess"":""98a19179-c453-4c36-895f-3063774b4add"",""idCompany"":""4d4bb1b2-9be4-42a9-b4a9-b948a3d2d863""}"
2fb7b45c-c6c7-4fde-a26a-fc88d66c28d4,2026-06-04 05:40:10.329545000,Running migrations:,{},"{""idDeployment"":""2f999427-6653-4e47-9321-34965df91a98"",""idApp"":""1e39cde8-5647-4752-ae30-96f37b63b227"",""container"":""stateless"",""podName"":""mailyt-cuidalegacy-wxnx5-web-d4d7cdcf6-6pb5x"",""idProcess"":""98a19179-c453-4c36-895f-3063774b4add"",""idCompany"":""4d4bb1b2-9be4-42a9-b4a9-b948a3d2d863""}"
4e3fff5f-094e-458c-8017-f069fa5cf81f,2026-06-04 05:40:10.346652000,  Applying contenttypes.0001_initial... OK,{},"{""idDeployment"":""2f999427-6653-4e47-9321-34965df91a98"",""idApp"":""1e39cde8-5647-4752-ae30-96f37b63b227"",""container"":""stateless"",""podName"":""mailyt-cuidalegacy-wxnx5-web-d4d7cdcf6-6pb5x"",""idProcess"":""98a19179-c453-4c36-895f-3063774b4add"",""idCompany"":""4d4bb1b2-9be4-42a9-b4a9-b948a3d2d863""}"
5fad3256-1398-4504-9599-5ae1e833d86c,2026-06-04 05:40:10.351977000,  Applying contenttypes.0002_remove_content_type_name... OK,{},"{""idDeployment"":""2f999427-6653-4e47-9321-34965df91a98"",""idApp"":""1e39cde8-5647-4752-ae30-96f37b63b227"",""container"":""stateless"",""podName"":""mailyt-cuidalegacy-wxnx5-web-d4d7cdcf6-6pb5x"",""idProcess"":""98a19179-c453-4c36-895f-3063774b4add"",""idCompany"":""4d4bb1b2-9be4-42a9-b4a9-b948a3d2d863""}"
eea9e421-b2fb-4737-a6ff-2d54c9c2e38d,2026-06-04 05:40:10.376626000,  Applying auth.0001_initial... OK,{},"{""idDeployment"":""2f999427-6653-4e47-9321-34965df91a98"",""idApp"":""1e39cde8-5647-4752-ae30-96f37b63b227"",""container"":""stateless"",""podName"":""mailyt-cuidalegacy-wxnx5-web-d4d7cdcf6-6pb5x"",""idProcess"":""98a19179-c453-4c36-895f-3063774b4add"",""idCompany"":""4d4bb1b2-9be4-42a9-b4a9-b948a3d2d863""}"
ea61efcd-3278-4cb6-b529-1a38d25586a5,2026-06-04 05:40:10.381777000,  Applying auth.0002_alter_permission_name_max_length... OK,{},"{""idDeployment"":""2f999427-6653-4e47-9321-34965df91a98"",""idApp"":""1e39cde8-5647-4752-ae30-96f37b63b227"",""container"":""stateless"",""podName"":""mailyt-cuidalegacy-wxnx5-web-d4d7cdcf6-6pb5x"",""idProcess"":""98a19179-c453-4c36-895f-3063774b4add"",""idCompany"":""4d4bb1b2-9be4-42a9-b4a9-b948a3d2d863""}"
1fa279bd-85ec-48b9-8128-048efefa1c99,2026-06-04 05:40:10.430155000,  Applying auth.0003_alter_user_email_max_length... OK,{},"{""idDeployment"":""2f999427-6653-4e47-9321-34965df91a98"",""idApp"":""1e39cde8-5647-4752-ae30-96f37b63b227"",""container"":""stateless"",""podName"":""mailyt-cuidalegacy-wxnx5-web-d4d7cdcf6-6pb5x"",""idProcess"":""98a19179-c453-4c36-895f-3063774b4add"",""idCompany"":""4d4bb1b2-9be4-42a9-b4a9-b948a3d2d863""}"
cb2a26f0-4182-4692-b38c-57820ea7c34b,2026-06-04 05:40:10.435950000,  Applying auth.0004_alter_user_username_opts... OK,{},"{""idDeployment"":""2f999427-6653-4e47-9321-34965df91a98"",""idApp"":""1e39cde8-5647-4752-ae30-96f37b63b227"",""container"":""stateless"",""podName"":""mailyt-cuidalegacy-wxnx5-web-d4d7cdcf6-6pb5x"",""idProcess"":""98a19179-c453-4c36-895f-3063774b4add"",""idCompany"":""4d4bb1b2-9be4-42a9-b4a9-b948a3d2d863""}"
b5ef41a7-afc2-4c84-a106-f5334b19e5e5,2026-06-04 05:40:10.441195000,  Applying auth.0005_alter_user_last_login_null... OK,{},"{""idDeployment"":""2f999427-6653-4e47-9321-34965df91a98"",""idApp"":""1e39cde8-5647-4752-ae30-96f37b63b227"",""container"":""stateless"",""podName"":""mailyt-cuidalegacy-wxnx5-web-d4d7cdcf6-6pb5x"",""idProcess"":""98a19179-c453-4c36-895f-3063774b4add"",""idCompany"":""4d4bb1b2-9be4-42a9-b4a9-b948a3d2d863""}"
f209d41d-b3e6-4749-aa41-89ba28036316,2026-06-04 05:40:10.443124000,  Applying auth.0006_require_contenttypes_0002... OK,{},"{""idDeployment"":""2f999427-6653-4e47-9321-34965df91a98"",""idApp"":""1e39cde8-5647-4752-ae30-96f37b63b227"",""container"":""stateless"",""podName"":""mailyt-cuidalegacy-wxnx5-web-d4d7cdcf6-6pb5x"",""idProcess"":""98a19179-c453-4c36-895f-3063774b4add"",""idCompany"":""4d4bb1b2-9be4-42a9-b4a9-b948a3d2d863""}"
056b83b0-4785-41e6-8ce6-872906a5666c,2026-06-04 05:40:10.448573000,  Applying auth.0007_alter_validators_add_error_messages... OK,{},"{""idDeployment"":""2f999427-6653-4e47-9321-34965df91a98"",""idApp"":""1e39cde8-5647-4752-ae30-96f37b63b227"",""container"":""stateless"",""podName"":""mailyt-cuidalegacy-wxnx5-web-d4d7cdcf6-6pb5x"",""idProcess"":""98a19179-c453-4c36-895f-3063774b4add"",""idCompany"":""4d4bb1b2-9be4-42a9-b4a9-b948a3d2d863""}"
0a1e1ddc-eedf-4625-91ae-f3f94233e63f,2026-06-04 05:40:10.453505000,  Applying auth.0008_alter_user_username_max_length... OK,{},"{""idDeployment"":""2f999427-6653-4e47-9321-34965df91a98"",""idApp"":""1e39cde8-5647-4752-ae30-96f37b63b227"",""container"":""stateless"",""podName"":""mailyt-cuidalegacy-wxnx5-web-d4d7cdcf6-6pb5x"",""idProcess"":""98a19179-c453-4c36-895f-3063774b4add"",""idCompany"":""4d4bb1b2-9be4-42a9-b4a9-b948a3d2d863""}"
183819c8-d267-41f5-9036-d46af2ae5a46,2026-06-04 05:40:10.458418000,  Applying auth.0009_alter_user_last_name_max_length... OK,{},"{""idDeployment"":""2f999427-6653-4e47-9321-34965df91a98"",""idApp"":""1e39cde8-5647-4752-ae30-96f37b63b227"",""container"":""stateless"",""podName"":""mailyt-cuidalegacy-wxnx5-web-d4d7cdcf6-6pb5x"",""idProcess"":""98a19179-c453-4c36-895f-3063774b4add"",""idCompany"":""4d4bb1b2-9be4-42a9-b4a9-b948a3d2d863""}"
ff1301c6-59e3-44ce-9e36-ad81a98e6a72,2026-06-04 05:40:10.464104000,  Applying auth.0010_alter_group_name_max_length... OK,{},"{""idDeployment"":""2f999427-6653-4e47-9321-34965df91a98"",""idApp"":""1e39cde8-5647-4752-ae30-96f37b63b227"",""container"":""stateless"",""podName"":""mailyt-cuidalegacy-wxnx5-web-d4d7cdcf6-6pb5x"",""idProcess"":""98a19179-c453-4c36-895f-3063774b4add"",""idCompany"":""4d4bb1b2-9be4-42a9-b4a9-b948a3d2d863""}"
08262c50-d066-469b-a10f-82e55ad94bea,2026-06-04 05:40:10.469098000,  Applying auth.0011_update_proxy_permissions... OK,{},"{""idDeployment"":""2f999427-6653-4e47-9321-34965df91a98"",""idApp"":""1e39cde8-5647-4752-ae30-96f37b63b227"",""container"":""stateless"",""podName"":""mailyt-cuidalegacy-wxnx5-web-d4d7cdcf6-6pb5x"",""idProcess"":""98a19179-c453-4c36-895f-3063774b4add"",""idCompany"":""4d4bb1b2-9be4-42a9-b4a9-b948a3d2d863""}"
fc1d9a00-8279-4588-9cb1-d861595370d9,2026-06-04 05:40:10.530465000,  Applying auth.0012_alter_user_first_name_max_length... OK,{},"{""idDeployment"":""2f999427-6653-4e47-9321-34965df91a98"",""idApp"":""1e39cde8-5647-4752-ae30-96f37b63b227"",""container"":""stateless"",""podName"":""mailyt-cuidalegacy-wxnx5-web-d4d7cdcf6-6pb5x"",""idProcess"":""98a19179-c453-4c36-895f-3063774b4add"",""idCompany"":""4d4bb1b2-9be4-42a9-b4a9-b948a3d2d863""}"
fd7bc4ec-0086-4ea9-8c41-bba9120aee12,2026-06-04 05:40:10.665541000,  Applying accounts.0001_initial... OK,{},"{""idDeployment"":""2f999427-6653-4e47-9321-34965df91a98"",""idApp"":""1e39cde8-5647-4752-ae30-96f37b63b227"",""container"":""stateless"",""podName"":""mailyt-cuidalegacy-wxnx5-web-d4d7cdcf6-6pb5x"",""idProcess"":""98a19179-c453-4c36-895f-3063774b4add"",""idCompany"":""4d4bb1b2-9be4-42a9-b4a9-b948a3d2d863""}"
7f3e116f-fc27-435d-ace8-fa03dbcb0312,2026-06-04 05:40:10.727725000,  Applying accounts.0002_make_clerk_id_nullable... OK,{},"{""idDeployment"":""2f999427-6653-4e47-9321-34965df91a98"",""idApp"":""1e39cde8-5647-4752-ae30-96f37b63b227"",""container"":""stateless"",""podName"":""mailyt-cuidalegacy-wxnx5-web-d4d7cdcf6-6pb5x"",""idProcess"":""98a19179-c453-4c36-895f-3063774b4add"",""idCompany"":""4d4bb1b2-9be4-42a9-b4a9-b948a3d2d863""}"
1ca375c1-6918-4666-8ccc-117975967539,2026-06-04 05:40:10.747222000,  Applying admin.0001_initial... OK,{},"{""idDeployment"":""2f999427-6653-4e47-9321-34965df91a98"",""idApp"":""1e39cde8-5647-4752-ae30-96f37b63b227"",""container"":""stateless"",""podName"":""mailyt-cuidalegacy-wxnx5-web-d4d7cdcf6-6pb5x"",""idProcess"":""98a19179-c453-4c36-895f-3063774b4add"",""idCompany"":""4d4bb1b2-9be4-42a9-b4a9-b948a3d2d863""}"
4c775d10-c061-4dc9-bf17-56ae240e1ec0,2026-06-04 05:40:11.037548000,  Applying admin.0002_logentry_remove_auto_add... OK,{},"{""idDeployment"":""2f999427-6653-4e47-9321-34965df91a98"",""idApp"":""1e39cde8-5647-4752-ae30-96f37b63b227"",""container"":""stateless"",""podName"":""mailyt-cuidalegacy-wxnx5-web-d4d7cdcf6-6pb5x"",""idProcess"":""98a19179-c453-4c36-895f-3063774b4add"",""idCompany"":""4d4bb1b2-9be4-42a9-b4a9-b948a3d2d863""}"
dccc4a5c-31ba-4184-a0f2-06724e6b6da5,2026-06-04 05:40:11.048530000,  Applying admin.0003_logentry_add_action_flag_choices... OK,{},"{""idDeployment"":""2f999427-6653-4e47-9321-34965df91a98"",""idApp"":""1e39cde8-5647-4752-ae30-96f37b63b227"",""container"":""stateless"",""podName"":""mailyt-cuidalegacy-wxnx5-web-d4d7cdcf6-6pb5x"",""idProcess"":""98a19179-c453-4c36-895f-3063774b4add"",""idCompany"":""4d4bb1b2-9be4-42a9-b4a9-b948a3d2d863""}"
e303c1f8-58b7-4a73-b6fa-b39a9813a3c4,2026-06-04 05:40:11.148735000,  Applying analytics.0001_initial... OK,{},"{""idDeployment"":""2f999427-6653-4e47-9321-34965df91a98"",""idApp"":""1e39cde8-5647-4752-ae30-96f37b63b227"",""container"":""stateless"",""podName"":""mailyt-cuidalegacy-wxnx5-web-d4d7cdcf6-6pb5x"",""idProcess"":""98a19179-c453-4c36-895f-3063774b4add"",""idCompany"":""4d4bb1b2-9be4-42a9-b4a9-b948a3d2d863""}"
10d8b290-706e-4981-9486-5007f0cad5ff,2026-06-04 05:40:11.358434000,  Applying appointments.0001_initial... OK,{},"{""idDeployment"":""2f999427-6653-4e47-9321-34965df91a98"",""idApp"":""1e39cde8-5647-4752-ae30-96f37b63b227"",""container"":""stateless"",""podName"":""mailyt-cuidalegacy-wxnx5-web-d4d7cdcf6-6pb5x"",""idProcess"":""98a19179-c453-4c36-895f-3063774b4add"",""idCompany"":""4d4bb1b2-9be4-42a9-b4a9-b948a3d2d863""}"
8249b000-e337-48ed-a2ef-084623ee8d06,2026-06-04 05:40:11.442555000,  Applying audit.0001_initial... OK,{},"{""idDeployment"":""2f999427-6653-4e47-9321-34965df91a98"",""idApp"":""1e39cde8-5647-4752-ae30-96f37b63b227"",""container"":""stateless"",""podName"":""mailyt-cuidalegacy-wxnx5-web-d4d7cdcf6-6pb5x"",""idProcess"":""98a19179-c453-4c36-895f-3063774b4add"",""idCompany"":""4d4bb1b2-9be4-42a9-b4a9-b948a3d2d863""}"
b9f6d77c-684b-4885-bb2c-178a597d6e25,2026-06-04 05:40:11.450612000,  Applying axes.0001_initial... OK,{},"{""idDeployment"":""2f999427-6653-4e47-9321-34965df91a98"",""idApp"":""1e39cde8-5647-4752-ae30-96f37b63b227"",""container"":""stateless"",""podName"":""mailyt-cuidalegacy-wxnx5-web-d4d7cdcf6-6pb5x"",""idProcess"":""98a19179-c453-4c36-895f-3063774b4add"",""idCompany"":""4d4bb1b2-9be4-42a9-b4a9-b948a3d2d863""}"
97e29c96-718f-4061-9b70-b97f203a1a1b,2026-06-04 05:40:11.470823000,  Applying axes.0002_auto_20151217_2044... OK,{},"{""idDeployment"":""2f999427-6653-4e47-9321-34965df91a98"",""idApp"":""1e39cde8-5647-4752-ae30-96f37b63b227"",""container"":""stateless"",""podName"":""mailyt-cuidalegacy-wxnx5-web-d4d7cdcf6-6pb5x"",""idProcess"":""98a19179-c453-4c36-895f-3063774b4add"",""idCompany"":""4d4bb1b2-9be4-42a9-b4a9-b948a3d2d863""}"
ac421626-4f97-4d9f-b2d3-9672cb1dd00d,2026-06-04 05:40:11.536961000,  Applying axes.0003_auto_20160322_0929... OK,{},"{""idDeployment"":""2f999427-6653-4e47-9321-34965df91a98"",""idApp"":""1e39cde8-5647-4752-ae30-96f37b63b227"",""container"":""stateless"",""podName"":""mailyt-cuidalegacy-wxnx5-web-d4d7cdcf6-6pb5x"",""idProcess"":""98a19179-c453-4c36-895f-3063774b4add"",""idCompany"":""4d4bb1b2-9be4-42a9-b4a9-b948a3d2d863""}"
c52bc44e-ed1e-48a7-b1f0-21ffbe7bc3b2,2026-06-04 05:40:11.549734000,  Applying axes.0004_auto_20181024_1538... OK,{},"{""idDeployment"":""2f999427-6653-4e47-9321-34965df91a98"",""idApp"":""1e39cde8-5647-4752-ae30-96f37b63b227"",""container"":""stateless"",""podName"":""mailyt-cuidalegacy-wxnx5-web-d4d7cdcf6-6pb5x"",""idProcess"":""98a19179-c453-4c36-895f-3063774b4add"",""idCompany"":""4d4bb1b2-9be4-42a9-b4a9-b948a3d2d863""}"
f0c3c590-494c-4594-90c5-9a16b64c8ee1,2026-06-04 05:40:11.554129000,  Applying axes.0005_remove_accessattempt_trusted... OK,{},"{""idDeployment"":""2f999427-6653-4e47-9321-34965df91a98"",""idApp"":""1e39cde8-5647-4752-ae30-96f37b63b227"",""container"":""stateless"",""podName"":""mailyt-cuidalegacy-wxnx5-web-d4d7cdcf6-6pb5x"",""idProcess"":""98a19179-c453-4c36-895f-3063774b4add"",""idCompany"":""4d4bb1b2-9be4-42a9-b4a9-b948a3d2d863""}"
ac666ec3-f29e-4b4e-9d41-e11d8a84ce9b,2026-06-04 05:40:11.558102000,  Applying axes.0006_remove_accesslog_trusted... OK,{},"{""idDeployment"":""2f999427-6653-4e47-9321-34965df91a98"",""idApp"":""1e39cde8-5647-4752-ae30-96f37b63b227"",""container"":""stateless"",""podName"":""mailyt-cuidalegacy-wxnx5-web-d4d7cdcf6-6pb5x"",""idProcess"":""98a19179-c453-4c36-895f-3063774b4add"",""idCompany"":""4d4bb1b2-9be4-42a9-b4a9-b948a3d2d863""}"
39b8b183-6440-46f5-ad6b-d12bf3dc82a1,2026-06-04 05:40:11.645534000,  Applying axes.0007_alter_accessattempt_unique_together... OK,{},"{""idDeployment"":""2f999427-6653-4e47-9321-34965df91a98"",""idApp"":""1e39cde8-5647-4752-ae30-96f37b63b227"",""container"":""stateless"",""podName"":""mailyt-cuidalegacy-wxnx5-web-d4d7cdcf6-6pb5x"",""idProcess"":""98a19179-c453-4c36-895f-3063774b4add"",""idCompany"":""4d4bb1b2-9be4-42a9-b4a9-b948a3d2d863""}"
4e53226e-ca38-4621-9522-2dfa9ab37fb3,2026-06-04 05:40:11.656225000,  Applying axes.0008_accessfailurelog... OK,{},"{""idDeployment"":""2f999427-6653-4e47-9321-34965df91a98"",""idApp"":""1e39cde8-5647-4752-ae30-96f37b63b227"",""container"":""stateless"",""podName"":""mailyt-cuidalegacy-wxnx5-web-d4d7cdcf6-6pb5x"",""idProcess"":""98a19179-c453-4c36-895f-3063774b4add"",""idCompany"":""4d4bb1b2-9be4-42a9-b4a9-b948a3d2d863""}"
2fd0c9f9-2a7d-4e3b-9c8a-aafe82b6773b,2026-06-04 05:40:11.661391000,  Applying axes.0009_add_session_hash... OK,{},"{""idDeployment"":""2f999427-6653-4e47-9321-34965df91a98"",""idApp"":""1e39cde8-5647-4752-ae30-96f37b63b227"",""container"":""stateless"",""podName"":""mailyt-cuidalegacy-wxnx5-web-d4d7cdcf6-6pb5x"",""idProcess"":""98a19179-c453-4c36-895f-3063774b4add"",""idCompany"":""4d4bb1b2-9be4-42a9-b4a9-b948a3d2d863""}"
1efb71c4-849f-4978-820d-df3bacbd1e1f,2026-06-04 05:40:11.859125000,  Applying chat.0001_initial... OK,{},"{""idDeployment"":""2f999427-6653-4e47-9321-34965df91a98"",""idApp"":""1e39cde8-5647-4752-ae30-96f37b63b227"",""container"":""stateless"",""podName"":""mailyt-cuidalegacy-wxnx5-web-d4d7cdcf6-6pb5x"",""idProcess"":""98a19179-c453-4c36-895f-3063774b4add"",""idCompany"":""4d4bb1b2-9be4-42a9-b4a9-b948a3d2d863""}"
92fd233f-c662-491f-a28d-00d0e96efe83,2026-06-04 05:40:12.034104000,  Applying coupons.0001_initial... OK,{},"{""idDeployment"":""2f999427-6653-4e47-9321-34965df91a98"",""idApp"":""1e39cde8-5647-4752-ae30-96f37b63b227"",""container"":""stateless"",""podName"":""mailyt-cuidalegacy-wxnx5-web-d4d7cdcf6-6pb5x"",""idProcess"":""98a19179-c453-4c36-895f-3063774b4add"",""idCompany"":""4d4bb1b2-9be4-42a9-b4a9-b948a3d2d863""}"
d3e63f6d-fb47-4cc7-8d4f-cbfc043b46d6,2026-06-04 05:40:12.058700000,  Applying django_celery_beat.0001_initial... OK,{},"{""idDeployment"":""2f999427-6653-4e47-9321-34965df91a98"",""idApp"":""1e39cde8-5647-4752-ae30-96f37b63b227"",""container"":""stateless"",""podName"":""mailyt-cuidalegacy-wxnx5-web-d4d7cdcf6-6pb5x"",""idProcess"":""98a19179-c453-4c36-895f-3063774b4add"",""idCompany"":""4d4bb1b2-9be4-42a9-b4a9-b948a3d2d863""}"
f1eb880f-daff-4e3d-8e36-25dfd059744c,2026-06-04 05:40:12.070152000,  Applying django_celery_beat.0002_auto_20161118_0346... OK,{},"{""idDeployment"":""2f999427-6653-4e47-9321-34965df91a98"",""idApp"":""1e39cde8-5647-4752-ae30-96f37b63b227"",""container"":""stateless"",""podName"":""mailyt-cuidalegacy-wxnx5-web-d4d7cdcf6-6pb5x"",""idProcess"":""98a19179-c453-4c36-895f-3063774b4add"",""idCompany"":""4d4bb1b2-9be4-42a9-b4a9-b948a3d2d863""}"
d37dac0b-bd0c-4a88-9e63-527b32e27119,2026-06-04 05:40:12.078862000,  Applying django_celery_beat.0003_auto_20161209_0049... OK,{},"{""idDeployment"":""2f999427-6653-4e47-9321-34965df91a98"",""idApp"":""1e39cde8-5647-4752-ae30-96f37b63b227"",""container"":""stateless"",""podName"":""mailyt-cuidalegacy-wxnx5-web-d4d7cdcf6-6pb5x"",""idProcess"":""98a19179-c453-4c36-895f-3063774b4add"",""idCompany"":""4d4bb1b2-9be4-42a9-b4a9-b948a3d2d863""}"
24c65180-6226-4f02-a536-d66336c95f12,2026-06-04 05:40:12.083995000,  Applying django_celery_beat.0004_auto_20170221_0000... OK,{},"{""idDeployment"":""2f999427-6653-4e47-9321-34965df91a98"",""idApp"":""1e39cde8-5647-4752-ae30-96f37b63b227"",""container"":""stateless"",""podName"":""mailyt-cuidalegacy-wxnx5-web-d4d7cdcf6-6pb5x"",""idProcess"":""98a19179-c453-4c36-895f-3063774b4add"",""idCompany"":""4d4bb1b2-9be4-42a9-b4a9-b948a3d2d863""}"
b153b777-36b2-4cf5-b71b-eb082166efbe,2026-06-04 05:40:12.127074000,  Applying django_celery_beat.0005_add_solarschedule_events_choices... OK,{},"{""idDeployment"":""2f999427-6653-4e47-9321-34965df91a98"",""idApp"":""1e39cde8-5647-4752-ae30-96f37b63b227"",""container"":""stateless"",""podName"":""mailyt-cuidalegacy-wxnx5-web-d4d7cdcf6-6pb5x"",""idProcess"":""98a19179-c453-4c36-895f-3063774b4add"",""idCompany"":""4d4bb1b2-9be4-42a9-b4a9-b948a3d2d863""}"
4f0f5ef7-d3d5-452b-8c65-2b0a3cd5ef0e,2026-06-04 05:40:12.230476000,  Applying django_celery_beat.0006_auto_20180322_0932... OK,{},"{""idDeployment"":""2f999427-6653-4e47-9321-34965df91a98"",""idApp"":""1e39cde8-5647-4752-ae30-96f37b63b227"",""container"":""stateless"",""podName"":""mailyt-cuidalegacy-wxnx5-web-d4d7cdcf6-6pb5x"",""idProcess"":""98a19179-c453-4c36-895f-3063774b4add"",""idCompany"":""4d4bb1b2-9be4-42a9-b4a9-b948a3d2d863""}"
eea0685b-6d48-472e-b379-f22ed633a18a,2026-06-04 05:40:12.250372000,  Applying django_celery_beat.0007_auto_20180521_0826... OK,{},"{""idDeployment"":""2f999427-6653-4e47-9321-34965df91a98"",""idApp"":""1e39cde8-5647-4752-ae30-96f37b63b227"",""container"":""stateless"",""podName"":""mailyt-cuidalegacy-wxnx5-web-d4d7cdcf6-6pb5x"",""idProcess"":""98a19179-c453-4c36-895f-3063774b4add"",""idCompany"":""4d4bb1b2-9be4-42a9-b4a9-b948a3d2d863""}"
0f3b3883-feac-4265-96de-45bb558be6bc,2026-06-04 05:40:12.355933000,  Applying django_celery_beat.0008_auto_20180914_1922... OK,{},"{""idDeployment"":""2f999427-6653-4e47-9321-34965df91a98"",""idApp"":""1e39cde8-5647-4752-ae30-96f37b63b227"",""container"":""stateless"",""podName"":""mailyt-cuidalegacy-wxnx5-web-d4d7cdcf6-6pb5x"",""idProcess"":""98a19179-c453-4c36-895f-3063774b4add"",""idCompany"":""4d4bb1b2-9be4-42a9-b4a9-b948a3d2d863""}"
ad296349-8a62-4e56-8498-ca81b719f1ce,2026-06-04 05:40:12.450659000,  Applying django_celery_beat.0006_auto_20180210_1226... OK,{},"{""idDeployment"":""2f999427-6653-4e47-9321-34965df91a98"",""idApp"":""1e39cde8-5647-4752-ae30-96f37b63b227"",""container"":""stateless"",""podName"":""mailyt-cuidalegacy-wxnx5-web-d4d7cdcf6-6pb5x"",""idProcess"":""98a19179-c453-4c36-895f-3063774b4add"",""idCompany"":""4d4bb1b2-9be4-42a9-b4a9-b948a3d2d863""}"
279331f0-17e0-4d3a-a3e1-aff9a65c3669,2026-06-04 05:40:12.530281000,  Applying django_celery_beat.0006_periodictask_priority... OK,{},"{""idDeployment"":""2f999427-6653-4e47-9321-34965df91a98"",""idApp"":""1e39cde8-5647-4752-ae30-96f37b63b227"",""container"":""stateless"",""podName"":""mailyt-cuidalegacy-wxnx5-web-d4d7cdcf6-6pb5x"",""idProcess"":""98a19179-c453-4c36-895f-3063774b4add"",""idCompany"":""4d4bb1b2-9be4-42a9-b4a9-b948a3d2d863""}"
b9e34775-85b8-4d2b-a819-d31a5a6d63a0,2026-06-04 05:40:12.541790000,  Applying django_celery_beat.0009_periodictask_headers... OK,{},"{""idDeployment"":""2f999427-6653-4e47-9321-34965df91a98"",""idApp"":""1e39cde8-5647-4752-ae30-96f37b63b227"",""container"":""stateless"",""podName"":""mailyt-cuidalegacy-wxnx5-web-d4d7cdcf6-6pb5x"",""idProcess"":""98a19179-c453-4c36-895f-3063774b4add"",""idCompany"":""4d4bb1b2-9be4-42a9-b4a9-b948a3d2d863""}"
899d6052-dab3-44e2-87d7-c7cb9c25f515,2026-06-04 05:40:13.331412000,  Applying django_celery_beat.0010_auto_20190429_0326... OK,{},"{""idDeployment"":""2f999427-6653-4e47-9321-34965df91a98"",""idApp"":""1e39cde8-5647-4752-ae30-96f37b63b227"",""container"":""stateless"",""podName"":""mailyt-cuidalegacy-wxnx5-web-d4d7cdcf6-6pb5x"",""idProcess"":""98a19179-c453-4c36-895f-3063774b4add"",""idCompany"":""4d4bb1b2-9be4-42a9-b4a9-b948a3d2d863""}"
f3e9a048-0342-4c28-8235-170ab5678399,2026-06-04 05:40:13.346794000,  Applying django_celery_beat.0011_auto_20190508_0153... OK,{},"{""idDeployment"":""2f999427-6653-4e47-9321-34965df91a98"",""idApp"":""1e39cde8-5647-4752-ae30-96f37b63b227"",""container"":""stateless"",""podName"":""mailyt-cuidalegacy-wxnx5-web-d4d7cdcf6-6pb5x"",""idProcess"":""98a19179-c453-4c36-895f-3063774b4add"",""idCompany"":""4d4bb1b2-9be4-42a9-b4a9-b948a3d2d863""}"
3db3c369-887c-446b-8f92-d9cdfa3c8085,2026-06-04 05:40:13.357620000,  Applying django_celery_beat.0012_periodictask_expire_seconds... OK,{},"{""idDeployment"":""2f999427-6653-4e47-9321-34965df91a98"",""idApp"":""1e39cde8-5647-4752-ae30-96f37b63b227"",""container"":""stateless"",""podName"":""mailyt-cuidalegacy-wxnx5-web-d4d7cdcf6-6pb5x"",""idProcess"":""98a19179-c453-4c36-895f-3063774b4add"",""idCompany"":""4d4bb1b2-9be4-42a9-b4a9-b948a3d2d863""}"
5d849a06-182c-415f-b7b8-5bbc951ce225,2026-06-04 05:40:13.430889000,  Applying django_celery_beat.0013_auto_20200609_0727... OK,{},"{""idDeployment"":""2f999427-6653-4e47-9321-34965df91a98"",""idApp"":""1e39cde8-5647-4752-ae30-96f37b63b227"",""container"":""stateless"",""podName"":""mailyt-cuidalegacy-wxnx5-web-d4d7cdcf6-6pb5x"",""idProcess"":""98a19179-c453-4c36-895f-3063774b4add"",""idCompany"":""4d4bb1b2-9be4-42a9-b4a9-b948a3d2d863""}"
243e99a1-dc69-4721-a9f0-d42c32f11c55,2026-06-04 05:40:13.436993000,  Applying django_celery_beat.0014_remove_clockedschedule_enabled... OK,{},"{""idDeployment"":""2f999427-6653-4e47-9321-34965df91a98"",""idApp"":""1e39cde8-5647-4752-ae30-96f37b63b227"",""container"":""stateless"",""podName"":""mailyt-cuidalegacy-wxnx5-web-d4d7cdcf6-6pb5x"",""idProcess"":""98a19179-c453-4c36-895f-3063774b4add"",""idCompany"":""4d4bb1b2-9be4-42a9-b4a9-b948a3d2d863""}"
3ebd528d-b70e-4c32-9a47-ea3b363d072f,2026-06-04 05:40:13.442206000,  Applying django_celery_beat.0015_edit_solarschedule_events_choices... OK,{},"{""idDeployment"":""2f999427-6653-4e47-9321-34965df91a98"",""idApp"":""1e39cde8-5647-4752-ae30-96f37b63b227"",""container"":""stateless"",""podName"":""mailyt-cuidalegacy-wxnx5-web-d4d7cdcf6-6pb5x"",""idProcess"":""98a19179-c453-4c36-895f-3063774b4add"",""idCompany"":""4d4bb1b2-9be4-42a9-b4a9-b948a3d2d863""}"
e8148c42-454e-4d36-9a0c-12b7a6c99214,2026-06-04 05:40:13.454487000,  Applying django_celery_beat.0016_alter_crontabschedule_timezone... OK,{},"{""idDeployment"":""2f999427-6653-4e47-9321-34965df91a98"",""idApp"":""1e39cde8-5647-4752-ae30-96f37b63b227"",""container"":""stateless"",""podName"":""mailyt-cuidalegacy-wxnx5-web-d4d7cdcf6-6pb5x"",""idProcess"":""98a19179-c453-4c36-895f-3063774b4add"",""idCompany"":""4d4bb1b2-9be4-42a9-b4a9-b948a3d2d863""}"
f8781591-e742-4663-932b-f2a7f49e4c50,2026-06-04 05:40:13.527003000,  Applying django_celery_beat.0017_alter_crontabschedule_month_of_year... OK,{},"{""idDeployment"":""2f999427-6653-4e47-9321-34965df91a98"",""idApp"":""1e39cde8-5647-4752-ae30-96f37b63b227"",""container"":""stateless"",""podName"":""mailyt-cuidalegacy-wxnx5-web-d4d7cdcf6-6pb5x"",""idProcess"":""98a19179-c453-4c36-895f-3063774b4add"",""idCompany"":""4d4bb1b2-9be4-42a9-b4a9-b948a3d2d863""}"
f5dc4b7a-0f6e-4a34-9ade-a2d5cd6f60a1,2026-06-04 05:40:13.537192000,  Applying django_celery_beat.0018_improve_crontab_helptext... OK,{},"{""idDeployment"":""2f999427-6653-4e47-9321-34965df91a98"",""idApp"":""1e39cde8-5647-4752-ae30-96f37b63b227"",""container"":""stateless"",""podName"":""mailyt-cuidalegacy-wxnx5-web-d4d7cdcf6-6pb5x"",""idProcess"":""98a19179-c453-4c36-895f-3063774b4add"",""idCompany"":""4d4bb1b2-9be4-42a9-b4a9-b948a3d2d863""}"
110bbd9c-1a26-4ba1-8df7-7c75908d90e8,2026-06-04 05:40:13.540382000,  Applying django_celery_beat.0019_alter_periodictasks_options... OK,{},"{""idDeployment"":""2f999427-6653-4e47-9321-34965df91a98"",""idApp"":""1e39cde8-5647-4752-ae30-96f37b63b227"",""container"":""stateless"",""podName"":""mailyt-cuidalegacy-wxnx5-web-d4d7cdcf6-6pb5x"",""idProcess"":""98a19179-c453-4c36-895f-3063774b4add"",""idCompany"":""4d4bb1b2-9be4-42a9-b4a9-b948a3d2d863""}"
97caa484-78f6-496d-a505-b802446b44a5,2026-06-04 05:40:14.237072000,  Applying documents.0001_initial... OK,{},"{""idDeployment"":""2f999427-6653-4e47-9321-34965df91a98"",""idApp"":""1e39cde8-5647-4752-ae30-96f37b63b227"",""container"":""stateless"",""podName"":""mailyt-cuidalegacy-wxnx5-web-d4d7cdcf6-6pb5x"",""idProcess"":""98a19179-c453-4c36-895f-3063774b4add"",""idCompany"":""4d4bb1b2-9be4-42a9-b4a9-b948a3d2d863""}"
81c5cc6b-0ccc-4c5e-a3f5-59640d57b619,2026-06-04 05:40:14.356721000,  Applying vitals.0001_initial... OK,{},"{""idDeployment"":""2f999427-6653-4e47-9321-34965df91a98"",""idApp"":""1e39cde8-5647-4752-ae30-96f37b63b227"",""container"":""stateless"",""podName"":""mailyt-cuidalegacy-wxnx5-web-d4d7cdcf6-6pb5x"",""idProcess"":""98a19179-c453-4c36-895f-3063774b4add"",""idCompany"":""4d4bb1b2-9be4-42a9-b4a9-b948a3d2d863""}"
3b073c65-4159-45ca-8f48-45aaf36e3e32,2026-06-04 05:40:14.645122000,  Applying prescriptions.0001_initial... OK,{},"{""idDeployment"":""2f999427-6653-4e47-9321-34965df91a98"",""idApp"":""1e39cde8-5647-4752-ae30-96f37b63b227"",""container"":""stateless"",""podName"":""mailyt-cuidalegacy-wxnx5-web-d4d7cdcf6-6pb5x"",""idProcess"":""98a19179-c453-4c36-895f-3063774b4add"",""idCompany"":""4d4bb1b2-9be4-42a9-b4a9-b948a3d2d863""}"
8e2a7b62-7b6d-4ea8-bbe3-33e99e9272b8,2026-06-04 05:40:15.145666000,  Applying medications.0001_initial... OK,{},"{""idDeployment"":""2f999427-6653-4e47-9321-34965df91a98"",""idApp"":""1e39cde8-5647-4752-ae30-96f37b63b227"",""container"":""stateless"",""podName"":""mailyt-cuidalegacy-wxnx5-web-d4d7cdcf6-6pb5x"",""idProcess"":""98a19179-c453-4c36-895f-3063774b4add"",""idCompany"":""4d4bb1b2-9be4-42a9-b4a9-b948a3d2d863""}"
6fe327d7-67aa-4682-906a-174a1dd6da00,2026-06-04 05:40:15.670435000,  Applying family_care.0001_initial... OK,{},"{""idDeployment"":""2f999427-6653-4e47-9321-34965df91a98"",""idApp"":""1e39cde8-5647-4752-ae30-96f37b63b227"",""container"":""stateless"",""podName"":""mailyt-cuidalegacy-wxnx5-web-d4d7cdcf6-6pb5x"",""idProcess"":""98a19179-c453-4c36-895f-3063774b4add"",""idCompany"":""4d4bb1b2-9be4-42a9-b4a9-b948a3d2d863""}"
52d70d7b-53fb-4191-9edf-6c346fe524a1,2026-06-04 05:40:16.450484000,  Applying gamification.0001_initial... OK,{},"{""idDeployment"":""2f999427-6653-4e47-9321-34965df91a98"",""idApp"":""1e39cde8-5647-4752-ae30-96f37b63b227"",""container"":""stateless"",""podName"":""mailyt-cuidalegacy-wxnx5-web-d4d7cdcf6-6pb5x"",""idProcess"":""98a19179-c453-4c36-895f-3063774b4add"",""idCompany"":""4d4bb1b2-9be4-42a9-b4a9-b948a3d2d863""}"
422eb1a8-8782-4b23-8913-cd330515115c,2026-06-04 05:40:16.456725000,  Applying gamification.0002_rewardproduct... OK,{},"{""idDeployment"":""2f999427-6653-4e47-9321-34965df91a98"",""idApp"":""1e39cde8-5647-4752-ae30-96f37b63b227"",""container"":""stateless"",""podName"":""mailyt-cuidalegacy-wxnx5-web-d4d7cdcf6-6pb5x"",""idProcess"":""98a19179-c453-4c36-895f-3063774b4add"",""idCompany"":""4d4bb1b2-9be4-42a9-b4a9-b948a3d2d863""}"
96a02a57-0611-4585-a758-1e287cfbd23a,2026-06-04 05:40:16.955673000,  Applying lab_results.0001_initial... OK,{},"{""idDeployment"":""2f999427-6653-4e47-9321-34965df91a98"",""idApp"":""1e39cde8-5647-4752-ae30-96f37b63b227"",""container"":""stateless"",""podName"":""mailyt-cuidalegacy-wxnx5-web-d4d7cdcf6-6pb5x"",""idProcess"":""98a19179-c453-4c36-895f-3063774b4add"",""idCompany"":""4d4bb1b2-9be4-42a9-b4a9-b948a3d2d863""}"
f4bbcd78-deb6-4166-aae1-75390ee35077,2026-06-04 05:40:17.247366000,  Applying notifications.0001_initial... OK,{},"{""idDeployment"":""2f999427-6653-4e47-9321-34965df91a98"",""idApp"":""1e39cde8-5647-4752-ae30-96f37b63b227"",""container"":""stateless"",""podName"":""mailyt-cuidalegacy-wxnx5-web-d4d7cdcf6-6pb5x"",""idProcess"":""98a19179-c453-4c36-895f-3063774b4add"",""idCompany"":""4d4bb1b2-9be4-42a9-b4a9-b948a3d2d863""}"
d123b573-df86-405a-ad44-d76e0cc7f4d9,2026-06-04 05:40:17.328648000,  Applying notifications.0002_notification_add_family_codes... OK,{},"{""idDeployment"":""2f999427-6653-4e47-9321-34965df91a98"",""idApp"":""1e39cde8-5647-4752-ae30-96f37b63b227"",""container"":""stateless"",""podName"":""mailyt-cuidalegacy-wxnx5-web-d4d7cdcf6-6pb5x"",""idProcess"":""98a19179-c453-4c36-895f-3063774b4add"",""idCompany"":""4d4bb1b2-9be4-42a9-b4a9-b948a3d2d863""}"
b92f3a21-c93c-43e9-8a07-d4c01192a0ca,2026-06-04 05:40:18.045489000,  Applying nutrition.0001_initial... OK,{},"{""idDeployment"":""2f999427-6653-4e47-9321-34965df91a98"",""idApp"":""1e39cde8-5647-4752-ae30-96f37b63b227"",""container"":""stateless"",""podName"":""mailyt-cuidalegacy-wxnx5-web-d4d7cdcf6-6pb5x"",""idProcess"":""98a19179-c453-4c36-895f-3063774b4add"",""idCompany"":""4d4bb1b2-9be4-42a9-b4a9-b948a3d2d863""}"
84d52f6c-a912-45e8-be85-dee47196c31e,2026-06-04 05:40:19.059554000,  Applying partners.0001_initial... OK,{},"{""idDeployment"":""2f999427-6653-4e47-9321-34965df91a98"",""idApp"":""1e39cde8-5647-4752-ae30-96f37b63b227"",""container"":""stateless"",""podName"":""mailyt-cuidalegacy-wxnx5-web-d4d7cdcf6-6pb5x"",""idProcess"":""98a19179-c453-4c36-895f-3063774b4add"",""idCompany"":""4d4bb1b2-9be4-42a9-b4a9-b948a3d2d863""}"
6c62c7e2-343d-48aa-81d5-982f6414d88e,2026-06-04 05:40:19.441824000,  Applying payments.0001_initial... OK,{},"{""idDeployment"":""2f999427-6653-4e47-9321-34965df91a98"",""idApp"":""1e39cde8-5647-4752-ae30-96f37b63b227"",""container"":""stateless"",""podName"":""mailyt-cuidalegacy-wxnx5-web-d4d7cdcf6-6pb5x"",""idProcess"":""98a19179-c453-4c36-895f-3063774b4add"",""idCompany"":""4d4bb1b2-9be4-42a9-b4a9-b948a3d2d863""}"
b4d4720c-0a02-4d02-b038-149721649989,2026-06-04 05:40:19.448708000,  Applying sessions.0001_initial... OK,{},"{""idDeployment"":""2f999427-6653-4e47-9321-34965df91a98"",""idApp"":""1e39cde8-5647-4752-ae30-96f37b63b227"",""container"":""stateless"",""podName"":""mailyt-cuidalegacy-wxnx5-web-d4d7cdcf6-6pb5x"",""idProcess"":""98a19179-c453-4c36-895f-3063774b4add"",""idCompany"":""4d4bb1b2-9be4-42a9-b4a9-b948a3d2d863""}"
ad1aafcb-70ba-4d3c-b785-55387cbee6fb,2026-06-04 05:40:21.264632000,  Applying specialists.0001_initial... OK,{},"{""idDeployment"":""2f999427-6653-4e47-9321-34965df91a98"",""idApp"":""1e39cde8-5647-4752-ae30-96f37b63b227"",""container"":""stateless"",""podName"":""mailyt-cuidalegacy-wxnx5-web-d4d7cdcf6-6pb5x"",""idProcess"":""98a19179-c453-4c36-895f-3063774b4add"",""idCompany"":""4d4bb1b2-9be4-42a9-b4a9-b948a3d2d863""}"
f54a8fbe-c839-4203-859a-181b169e6c8c,2026-06-04 05:40:22.257500000,  Applying surveys.0001_initial... OK,{},"{""idDeployment"":""2f999427-6653-4e47-9321-34965df91a98"",""idApp"":""1e39cde8-5647-4752-ae30-96f37b63b227"",""container"":""stateless"",""podName"":""mailyt-cuidalegacy-wxnx5-web-d4d7cdcf6-6pb5x"",""idProcess"":""98a19179-c453-4c36-895f-3063774b4add"",""idCompany"":""4d4bb1b2-9be4-42a9-b4a9-b948a3d2d863""}"
d207e51c-b5da-4f47-94e6-8c76cfd94d47,2026-06-04 05:40:23.341331000,  Applying telemedicine.0001_initial... OK,{},"{""idDeployment"":""2f999427-6653-4e47-9321-34965df91a98"",""idApp"":""1e39cde8-5647-4752-ae30-96f37b63b227"",""container"":""stateless"",""podName"":""mailyt-cuidalegacy-wxnx5-web-d4d7cdcf6-6pb5x"",""idProcess"":""98a19179-c453-4c36-895f-3063774b4add"",""idCompany"":""4d4bb1b2-9be4-42a9-b4a9-b948a3d2d863""}"
3befb34d-6a14-4c4c-8575-ab812cc7c2d1,2026-06-04 05:40:23.752703000,  Applying token_blacklist.0001_initial... OK,{},"{""idDeployment"":""2f999427-6653-4e47-9321-34965df91a98"",""idApp"":""1e39cde8-5647-4752-ae30-96f37b63b227"",""container"":""stateless"",""podName"":""mailyt-cuidalegacy-wxnx5-web-d4d7cdcf6-6pb5x"",""idProcess"":""98a19179-c453-4c36-895f-3063774b4add"",""idCompany"":""4d4bb1b2-9be4-42a9-b4a9-b948a3d2d863""}"
57b00c8d-ba53-4112-bf9a-e6578b7a5369,2026-06-04 05:40:23.849697000,  Applying token_blacklist.0002_outstandingtoken_jti_hex... OK,{},"{""idDeployment"":""2f999427-6653-4e47-9321-34965df91a98"",""idApp"":""1e39cde8-5647-4752-ae30-96f37b63b227"",""container"":""stateless"",""podName"":""mailyt-cuidalegacy-wxnx5-web-d4d7cdcf6-6pb5x"",""idProcess"":""98a19179-c453-4c36-895f-3063774b4add"",""idCompany"":""4d4bb1b2-9be4-42a9-b4a9-b948a3d2d863""}"
980d162a-b2a9-4beb-a063-b9155a785484,2026-06-04 05:40:24.130994000,  Applying token_blacklist.0003_auto_20171017_2007... OK,{},"{""idDeployment"":""2f999427-6653-4e47-9321-34965df91a98"",""idApp"":""1e39cde8-5647-4752-ae30-96f37b63b227"",""container"":""stateless"",""podName"":""mailyt-cuidalegacy-wxnx5-web-d4d7cdcf6-6pb5x"",""idProcess"":""98a19179-c453-4c36-895f-3063774b4add"",""idCompany"":""4d4bb1b2-9be4-42a9-b4a9-b948a3d2d863""}"
b7432f8a-9d29-40d1-9cfa-b01cd2709d1f,2026-06-04 05:40:24.232837000,  Applying token_blacklist.0004_auto_20171017_2013... OK,{},"{""idDeployment"":""2f999427-6653-4e47-9321-34965df91a98"",""idApp"":""1e39cde8-5647-4752-ae30-96f37b63b227"",""container"":""stateless"",""podName"":""mailyt-cuidalegacy-wxnx5-web-d4d7cdcf6-6pb5x"",""idProcess"":""98a19179-c453-4c36-895f-3063774b4add"",""idCompany"":""4d4bb1b2-9be4-42a9-b4a9-b948a3d2d863""}"
5df3917e-c065-40c4-8ac8-a2f29f050a0d,2026-06-04 05:40:24.329121000,  Applying token_blacklist.0005_remove_outstandingtoken_jti... OK,{},"{""idDeployment"":""2f999427-6653-4e47-9321-34965df91a98"",""idApp"":""1e39cde8-5647-4752-ae30-96f37b63b227"",""container"":""stateless"",""podName"":""mailyt-cuidalegacy-wxnx5-web-d4d7cdcf6-6pb5x"",""idProcess"":""98a19179-c453-4c36-895f-3063774b4add"",""idCompany"":""4d4bb1b2-9be4-42a9-b4a9-b948a3d2d863""}"
8e5b9260-530c-425d-864e-f45aeccc1784,2026-06-04 05:40:24.428204000,  Applying token_blacklist.0006_auto_20171017_2113... OK,{},"{""idDeployment"":""2f999427-6653-4e47-9321-34965df91a98"",""idApp"":""1e39cde8-5647-4752-ae30-96f37b63b227"",""container"":""stateless"",""podName"":""mailyt-cuidalegacy-wxnx5-web-d4d7cdcf6-6pb5x"",""idProcess"":""98a19179-c453-4c36-895f-3063774b4add"",""idCompany"":""4d4bb1b2-9be4-42a9-b4a9-b948a3d2d863""}"
84b59dbb-9ef5-4d9a-9a95-75e6629c7479,2026-06-04 05:40:24.736599000,  Applying token_blacklist.0007_auto_20171017_2214... OK,{},"{""idDeployment"":""2f999427-6653-4e47-9321-34965df91a98"",""idApp"":""1e39cde8-5647-4752-ae30-96f37b63b227"",""container"":""stateless"",""podName"":""mailyt-cuidalegacy-wxnx5-web-d4d7cdcf6-6pb5x"",""idProcess"":""98a19179-c453-4c36-895f-3063774b4add"",""idCompany"":""4d4bb1b2-9be4-42a9-b4a9-b948a3d2d863""}"
def28833-bf6f-4b7e-913d-3d80a17820bd,2026-06-04 05:40:25.427691000,  Applying token_blacklist.0008_migrate_to_bigautofield... OK,{},"{""idDeployment"":""2f999427-6653-4e47-9321-34965df91a98"",""idApp"":""1e39cde8-5647-4752-ae30-96f37b63b227"",""container"":""stateless"",""podName"":""mailyt-cuidalegacy-wxnx5-web-d4d7cdcf6-6pb5x"",""idProcess"":""98a19179-c453-4c36-895f-3063774b4add"",""idCompany"":""4d4bb1b2-9be4-42a9-b4a9-b948a3d2d863""}"
70164628-5acf-4400-a569-8620ca6b0d4a,2026-06-04 05:40:25.636670000,  Applying token_blacklist.0010_fix_migrate_to_bigautofield... OK,{},"{""idDeployment"":""2f999427-6653-4e47-9321-34965df91a98"",""idApp"":""1e39cde8-5647-4752-ae30-96f37b63b227"",""container"":""stateless"",""podName"":""mailyt-cuidalegacy-wxnx5-web-d4d7cdcf6-6pb5x"",""idProcess"":""98a19179-c453-4c36-895f-3063774b4add"",""idCompany"":""4d4bb1b2-9be4-42a9-b4a9-b948a3d2d863""}"
06db43e0-dc8d-4e31-9477-0dcb06417d08,2026-06-04 05:40:25.638617000,  Applying token_blacklist.0011_linearizes_history... OK,{},"{""idDeployment"":""2f999427-6653-4e47-9321-34965df91a98"",""idApp"":""1e39cde8-5647-4752-ae30-96f37b63b227"",""container"":""stateless"",""podName"":""mailyt-cuidalegacy-wxnx5-web-d4d7cdcf6-6pb5x"",""idProcess"":""98a19179-c453-4c36-895f-3063774b4add"",""idCompany"":""4d4bb1b2-9be4-42a9-b4a9-b948a3d2d863""}"
d44cfb0c-603b-43d4-9953-13ea9fdd5d45,2026-06-04 05:40:25.840018000,  Applying token_blacklist.0012_alter_outstandingtoken_user... OK,{},"{""idDeployment"":""2f999427-6653-4e47-9321-34965df91a98"",""idApp"":""1e39cde8-5647-4752-ae30-96f37b63b227"",""container"":""stateless"",""podName"":""mailyt-cuidalegacy-wxnx5-web-d4d7cdcf6-6pb5x"",""idProcess"":""98a19179-c453-4c36-895f-3063774b4add"",""idCompany"":""4d4bb1b2-9be4-42a9-b4a9-b948a3d2d863""}"
1c86f6d7-0d2a-4c6b-bf01-7566f89ff150,2026-06-04 05:40:25.939976000,  Applying vitals.0002_vitalsign_photo_url... OK,{},"{""idDeployment"":""2f999427-6653-4e47-9321-34965df91a98"",""idApp"":""1e39cde8-5647-4752-ae30-96f37b63b227"",""container"":""stateless"",""podName"":""mailyt-cuidalegacy-wxnx5-web-d4d7cdcf6-6pb5x"",""idProcess"":""98a19179-c453-4c36-895f-3063774b4add"",""idCompany"":""4d4bb1b2-9be4-42a9-b4a9-b948a3d2d863""}"
662cd7e3-b2f3-43f4-9120-94ae810f6f47,2026-06-04 05:40:27.966446000,  Applying wellness.0001_initial... OK,{},"{""idDeployment"":""2f999427-6653-4e47-9321-34965df91a98"",""idApp"":""1e39cde8-5647-4752-ae30-96f37b63b227"",""container"":""stateless"",""podName"":""mailyt-cuidalegacy-wxnx5-web-d4d7cdcf6-6pb5x"",""idProcess"":""98a19179-c453-4c36-895f-3063774b4add"",""idCompany"":""4d4bb1b2-9be4-42a9-b4a9-b948a3d2d863""}"
2bdbdce2-8ac5-40ff-ae86-a3bafb902813,2026-06-04 05:40:29.940877000,==> Collecting static files...,{},"{""idDeployment"":""2f999427-6653-4e47-9321-34965df91a98"",""idApp"":""1e39cde8-5647-4752-ae30-96f37b63b227"",""container"":""stateless"",""podName"":""mailyt-cuidalegacy-wxnx5-web-d4d7cdcf6-6pb5x"",""idProcess"":""98a19179-c453-4c36-895f-3063774b4add"",""idCompany"":""4d4bb1b2-9be4-42a9-b4a9-b948a3d2d863""}"
d1759c29-9d26-446d-ab8d-a04f69dd51e0,2026-06-04 05:40:35.540977000,"Found another file with the destination path 'admin/js/admin/RelatedObjectLookups.js'. It will be ignored since only the first encountered file is collected. If this is not what you want, make sure every static file has a unique path.",{},"{""idDeployment"":""2f999427-6653-4e47-9321-34965df91a98"",""idApp"":""1e39cde8-5647-4752-ae30-96f37b63b227"",""container"":""stateless"",""podName"":""mailyt-cuidalegacy-wxnx5-web-d4d7cdcf6-6pb5x"",""idProcess"":""98a19179-c453-4c36-895f-3063774b4add"",""idCompany"":""4d4bb1b2-9be4-42a9-b4a9-b948a3d2d863""}"
1fd99119-f3b0-4c00-8c9b-188ed3978f28,2026-06-04 05:40:35.634845000,,{},"{""idDeployment"":""2f999427-6653-4e47-9321-34965df91a98"",""idApp"":""1e39cde8-5647-4752-ae30-96f37b63b227"",""container"":""stateless"",""podName"":""mailyt-cuidalegacy-wxnx5-web-d4d7cdcf6-6pb5x"",""idProcess"":""98a19179-c453-4c36-895f-3063774b4add"",""idCompany"":""4d4bb1b2-9be4-42a9-b4a9-b948a3d2d863""}"
14747fb8-ca01-4598-bbbd-6ffb79748231,2026-06-04 05:40:35.634871000,180 static files copied to '/app/staticfiles'.,{},"{""idDeployment"":""2f999427-6653-4e47-9321-34965df91a98"",""idApp"":""1e39cde8-5647-4752-ae30-96f37b63b227"",""container"":""stateless"",""podName"":""mailyt-cuidalegacy-wxnx5-web-d4d7cdcf6-6pb5x"",""idProcess"":""98a19179-c453-4c36-895f-3063774b4add"",""idCompany"":""4d4bb1b2-9be4-42a9-b4a9-b948a3d2d863""}"
49cdcb60-99bc-41eb-b558-797bbadf714a,2026-06-04 05:40:36.433409000,==> Seeding badges (idempotent)...,{},"{""idDeployment"":""2f999427-6653-4e47-9321-34965df91a98"",""idApp"":""1e39cde8-5647-4752-ae30-96f37b63b227"",""container"":""stateless"",""podName"":""mailyt-cuidalegacy-wxnx5-web-d4d7cdcf6-6pb5x"",""idProcess"":""98a19179-c453-4c36-895f-3063774b4add"",""idCompany"":""4d4bb1b2-9be4-42a9-b4a9-b948a3d2d863""}"
de06f10a-0f66-4236-8f99-203b8a36e962,2026-06-04 05:40:43.192021000,Badge catalog seeded: 19 new / 0 already existed.,{},"{""idDeployment"":""2f999427-6653-4e47-9321-34965df91a98"",""idApp"":""1e39cde8-5647-4752-ae30-96f37b63b227"",""container"":""stateless"",""podName"":""mailyt-cuidalegacy-wxnx5-web-d4d7cdcf6-6pb5x"",""idProcess"":""98a19179-c453-4c36-895f-3063774b4add"",""idCompany"":""4d4bb1b2-9be4-42a9-b4a9-b948a3d2d863""}"
0330ad69-1651-432d-a7ac-039e1a873485,2026-06-04 05:40:44.250316000,==> Notifying Sentry of deployment start...,{},"{""idDeployment"":""2f999427-6653-4e47-9321-34965df91a98"",""idApp"":""1e39cde8-5647-4752-ae30-96f37b63b227"",""container"":""stateless"",""podName"":""mailyt-cuidalegacy-wxnx5-web-d4d7cdcf6-6pb5x"",""idProcess"":""98a19179-c453-4c36-895f-3063774b4add"",""idCompany"":""4d4bb1b2-9be4-42a9-b4a9-b948a3d2d863""}"
8a5858db-b5a4-45c3-a334-f677dcd1f72b,2026-06-04 05:42:09.627993000,[WARNING] django.request: Not Found: /,{},"{""idDeployment"":""2f999427-6653-4e47-9321-34965df91a98"",""idApp"":""1e39cde8-5647-4752-ae30-96f37b63b227"",""container"":""stateless"",""podName"":""mailyt-cuidalegacy-wxnx5-web-d4d7cdcf6-6pb5x"",""idProcess"":""98a19179-c453-4c36-895f-3063774b4add"",""idCompany"":""4d4bb1b2-9be4-42a9-b4a9-b948a3d2d863""}"
270d66d2-704f-4d52-8ed7-9681774a66af,2026-06-04 05:42:09.628548000,"127.0.0.6:36693 - - [03/Jun/2026:23:42:09] ""GET /"" 404 179",{},"{""idDeployment"":""2f999427-6653-4e47-9321-34965df91a98"",""idApp"":""1e39cde8-5647-4752-ae30-96f37b63b227"",""container"":""stateless"",""podName"":""mailyt-cuidalegacy-wxnx5-web-d4d7cdcf6-6pb5x"",""idProcess"":""98a19179-c453-4c36-895f-3063774b4add"",""idCompany"":""4d4bb1b2-9be4-42a9-b4a9-b948a3d2d863""}"
e099330a-d3e9-490f-abde-75067eaa3c94,2026-06-04 05:42:34.554127000,"127.0.0.6:36693 - - [03/Jun/2026:23:42:34] ""GET /health/"" 200 16",{},"{""idDeployment"":""2f999427-6653-4e47-9321-34965df91a98"",""idApp"":""1e39cde8-5647-4752-ae30-96f37b63b227"",""container"":""stateless"",""podName"":""mailyt-cuidalegacy-wxnx5-web-d4d7cdcf6-6pb5x"",""idProcess"":""98a19179-c453-4c36-895f-3063774b4add"",""idCompany"":""4d4bb1b2-9be4-42a9-b4a9-b948a3d2d863""}"
bab05ae0-22a8-4c51-b0e5-427fecb37ad1,2026-06-04 05:42:41.247047000,"127.0.0.6:36693 - - [03/Jun/2026:23:42:41] ""GET /admin/"" 302 -",{},"{""idDeployment"":""2f999427-6653-4e47-9321-34965df91a98"",""idApp"":""1e39cde8-5647-4752-ae30-96f37b63b227"",""container"":""stateless"",""podName"":""mailyt-cuidalegacy-wxnx5-web-d4d7cdcf6-6pb5x"",""idProcess"":""98a19179-c453-4c36-895f-3063774b4add"",""idCompany"":""4d4bb1b2-9be4-42a9-b4a9-b948a3d2d863""}"
242b467f-9cfd-42ba-83fe-e2a92f414fde,2026-06-04 05:42:41.532874000,"127.0.0.6:36693 - - [03/Jun/2026:23:42:41] ""GET /admin/login/?next=/admin/"" 200 9469",{},"{""idDeployment"":""2f999427-6653-4e47-9321-34965df91a98"",""idApp"":""1e39cde8-5647-4752-ae30-96f37b63b227"",""container"":""stateless"",""podName"":""mailyt-cuidalegacy-wxnx5-web-d4d7cdcf6-6pb5x"",""idProcess"":""98a19179-c453-4c36-895f-3063774b4add"",""idCompany"":""4d4bb1b2-9be4-42a9-b4a9-b948a3d2d863""}"
985f9532-9298-4447-b473-4f1c704a5741,2026-06-04 05:42:41.769682000,"127.0.0.6:36693 - - [03/Jun/2026:23:42:41] ""GET /static/unfold/css/styles.css"" 200 98178",{},"{""idDeployment"":""2f999427-6653-4e47-9321-34965df91a98"",""idApp"":""1e39cde8-5647-4752-ae30-96f37b63b227"",""container"":""stateless"",""podName"":""mailyt-cuidalegacy-wxnx5-web-d4d7cdcf6-6pb5x"",""idProcess"":""98a19179-c453-4c36-895f-3063774b4add"",""idCompany"":""4d4bb1b2-9be4-42a9-b4a9-b948a3d2d863""}"
bc860e68-571c-433e-8bda-d1f810627ce3,2026-06-04 05:42:42.170652000,"127.0.0.6:36693 - - [03/Jun/2026:23:42:42] ""GET /static/unfold/fonts/inter/styles.css"" 200 608",{},"{""idDeployment"":""2f999427-6653-4e47-9321-34965df91a98"",""idApp"":""1e39cde8-5647-4752-ae30-96f37b63b227"",""container"":""stateless"",""podName"":""mailyt-cuidalegacy-wxnx5-web-d4d7cdcf6-6pb5x"",""idProcess"":""98a19179-c453-4c36-895f-3063774b4add"",""idCompany"":""4d4bb1b2-9be4-42a9-b4a9-b948a3d2d863""}"
cc61fc14-54aa-4912-9123-439667d6c2e7,2026-06-04 05:42:42.174496000,"127.0.0.6:36693 - - [03/Jun/2026:23:42:42] ""GET /static/unfold/css/simplebar.css"" 200 4647",{},"{""idDeployment"":""2f999427-6653-4e47-9321-34965df91a98"",""idApp"":""1e39cde8-5647-4752-ae30-96f37b63b227"",""container"":""stateless"",""podName"":""mailyt-cuidalegacy-wxnx5-web-d4d7cdcf6-6pb5x"",""idProcess"":""98a19179-c453-4c36-895f-3063774b4add"",""idCompany"":""4d4bb1b2-9be4-42a9-b4a9-b948a3d2d863""}"
2ffe0140-0193-427c-891c-ed18fd7a32bd,2026-06-04 05:42:42.214532000,"127.0.0.6:36693 - - [03/Jun/2026:23:42:42] ""GET /static/unfold/js/htmx.js"" 200 42820",{},"{""idDeployment"":""2f999427-6653-4e47-9321-34965df91a98"",""idApp"":""1e39cde8-5647-4752-ae30-96f37b63b227"",""container"":""stateless"",""podName"":""mailyt-cuidalegacy-wxnx5-web-d4d7cdcf6-6pb5x"",""idProcess"":""98a19179-c453-4c36-895f-3063774b4add"",""idCompany"":""4d4bb1b2-9be4-42a9-b4a9-b948a3d2d863""}"
b8915739-0def-4bb1-96c4-cd9f9335c2d2,2026-06-04 05:42:42.292743000,"127.0.0.6:36693 - - [03/Jun/2026:23:42:42] ""GET /static/unfold/js/app.js"" 200 7440",{},"{""idDeployment"":""2f999427-6653-4e47-9321-34965df91a98"",""idApp"":""1e39cde8-5647-4752-ae30-96f37b63b227"",""container"":""stateless"",""podName"":""mailyt-cuidalegacy-wxnx5-web-d4d7cdcf6-6pb5x"",""idProcess"":""98a19179-c453-4c36-895f-3063774b4add"",""idCompany"":""4d4bb1b2-9be4-42a9-b4a9-b948a3d2d863""}"
0abf0b07-b1e0-4dc8-a2ae-540d3c277866,2026-06-04 05:42:42.296551000,"127.0.0.6:35505 - - [03/Jun/2026:23:42:42] ""GET /static/unfold/js/chart.js"" 200 200633",{},"{""idDeployment"":""2f999427-6653-4e47-9321-34965df91a98"",""idApp"":""1e39cde8-5647-4752-ae30-96f37b63b227"",""container"":""stateless"",""podName"":""mailyt-cuidalegacy-wxnx5-web-d4d7cdcf6-6pb5x"",""idProcess"":""98a19179-c453-4c36-895f-3063774b4add"",""idCompany"":""4d4bb1b2-9be4-42a9-b4a9-b948a3d2d863""}"
3330b746-3021-4293-a518-d833a4bea073,2026-06-04 05:42:42.298174000,"127.0.0.6:36869 - - [03/Jun/2026:23:42:42] ""GET /static/unfold/fonts/material-symbols/styles.css"" 200 557",{},"{""idDeployment"":""2f999427-6653-4e47-9321-34965df91a98"",""idApp"":""1e39cde8-5647-4752-ae30-96f37b63b227"",""container"":""stateless"",""podName"":""mailyt-cuidalegacy-wxnx5-web-d4d7cdcf6-6pb5x"",""idProcess"":""98a19179-c453-4c36-895f-3063774b4add"",""idCompany"":""4d4bb1b2-9be4-42a9-b4a9-b948a3d2d863""}"
1898646c-507a-4d12-b534-0e025466c908,2026-06-04 05:42:42.318476000,"127.0.0.6:36869 - - [03/Jun/2026:23:42:42] ""GET /static/unfold/js/simplebar.js"" 200 27176",{},"{""idDeployment"":""2f999427-6653-4e47-9321-34965df91a98"",""idApp"":""1e39cde8-5647-4752-ae30-96f37b63b227"",""container"":""stateless"",""podName"":""mailyt-cuidalegacy-wxnx5-web-d4d7cdcf6-6pb5x"",""idProcess"":""98a19179-c453-4c36-895f-3063774b4add"",""idCompany"":""4d4bb1b2-9be4-42a9-b4a9-b948a3d2d863""}"
6030daf9-be12-4296-91c8-184af7f02d4d,2026-06-04 05:42:42.728520000,"127.0.0.6:36869 - - [03/Jun/2026:23:42:42] ""GET /static/unfold/js/alpine.anchor.js"" 200 15524",{},"{""idDeployment"":""2f999427-6653-4e47-9321-34965df91a98"",""idApp"":""1e39cde8-5647-4752-ae30-96f37b63b227"",""container"":""stateless"",""podName"":""mailyt-cuidalegacy-wxnx5-web-d4d7cdcf6-6pb5x"",""idProcess"":""98a19179-c453-4c36-895f-3063774b4add"",""idCompany"":""4d4bb1b2-9be4-42a9-b4a9-b948a3d2d863""}"
ba916b64-a9bc-40bc-a58f-9778fda9046c,2026-06-04 05:42:42.938798000,"127.0.0.6:36869 - - [03/Jun/2026:23:42:42] ""GET /static/unfold/js/alpine.persist.js"" 200 837",{},"{""idDeployment"":""2f999427-6653-4e47-9321-34965df91a98"",""idApp"":""1e39cde8-5647-4752-ae30-96f37b63b227"",""container"":""stateless"",""podName"":""mailyt-cuidalegacy-wxnx5-web-d4d7cdcf6-6pb5x"",""idProcess"":""98a19179-c453-4c36-895f-3063774b4add"",""idCompany"":""4d4bb1b2-9be4-42a9-b4a9-b948a3d2d863""}"
0f1f01a0-7a33-46b8-b4ae-bc43f4a2636a,2026-06-04 05:42:42.998084000,"127.0.0.6:36869 - - [03/Jun/2026:23:42:42] ""GET /static/unfold/js/alpine.js"" 200 44659",{},"{""idDeployment"":""2f999427-6653-4e47-9321-34965df91a98"",""idApp"":""1e39cde8-5647-4752-ae30-96f37b63b227"",""container"":""stateless"",""podName"":""mailyt-cuidalegacy-wxnx5-web-d4d7cdcf6-6pb5x"",""idProcess"":""98a19179-c453-4c36-895f-3063774b4add"",""idCompany"":""4d4bb1b2-9be4-42a9-b4a9-b948a3d2d863""}"
24fe0f1c-9499-4046-bf09-a1cd3bae3c6d,2026-06-04 05:42:43.485722000,"127.0.0.6:36869 - - [03/Jun/2026:23:42:43] ""GET /static/unfold/fonts/inter/Inter-SemiBold.woff2"" 200 46552",{},"{""idDeployment"":""2f999427-6653-4e47-9321-34965df91a98"",""idApp"":""1e39cde8-5647-4752-ae30-96f37b63b227"",""container"":""stateless"",""podName"":""mailyt-cuidalegacy-wxnx5-web-d4d7cdcf6-6pb5x"",""idProcess"":""98a19179-c453-4c36-895f-3063774b4add"",""idCompany"":""4d4bb1b2-9be4-42a9-b4a9-b948a3d2d863""}"
2036e103-28cb-4156-a753-dda052a67950,2026-06-04 05:42:43.486715000,"127.0.0.6:35505 - - [03/Jun/2026:23:42:43] ""GET /static/unfold/fonts/material-symbols/Material-Symbols-Outlined.woff2"" 200 349864",{},"{""idDeployment"":""2f999427-6653-4e47-9321-34965df91a98"",""idApp"":""1e39cde8-5647-4752-ae30-96f37b63b227"",""container"":""stateless"",""podName"":""mailyt-cuidalegacy-wxnx5-web-d4d7cdcf6-6pb5x"",""idProcess"":""98a19179-c453-4c36-895f-3063774b4add"",""idCompany"":""4d4bb1b2-9be4-42a9-b4a9-b948a3d2d863""}"
1e97f0a6-e95c-4c7c-8295-dac9b88da6ef,2026-06-04 05:42:43.513970000,"127.0.0.6:35505 - - [03/Jun/2026:23:42:43] ""GET /static/unfold/fonts/inter/Inter-Medium.woff2"" 200 46552",{},"{""idDeployment"":""2f999427-6653-4e47-9321-34965df91a98"",""idApp"":""1e39cde8-5647-4752-ae30-96f37b63b227"",""container"":""stateless"",""podName"":""mailyt-cuidalegacy-wxnx5-web-d4d7cdcf6-6pb5x"",""idProcess"":""98a19179-c453-4c36-895f-3063774b4add"",""idCompany"":""4d4bb1b2-9be4-42a9-b4a9-b948a3d2d863""}"
f1cdfad7-e841-4ade-8cbf-51b2f3728dcb,2026-06-04 05:42:43.520945000,"127.0.0.6:35505 - - [03/Jun/2026:23:42:43] ""GET /static/unfold/fonts/inter/Inter-Regular.woff2"" 200 46552",{},"{""idDeployment"":""2f999427-6653-4e47-9321-34965df91a98"",""idApp"":""1e39cde8-5647-4752-ae30-96f37b63b227"",""container"":""stateless"",""podName"":""mailyt-cuidalegacy-wxnx5-web-d4d7cdcf6-6pb5x"",""idProcess"":""98a19179-c453-4c36-895f-3063774b4add"",""idCompany"":""4d4bb1b2-9be4-42a9-b4a9-b948a3d2d863""}"
f4029af0-7f0d-4b62-a1c4-a063745dd2ba,2026-06-04 05:43:11.447835000,"[WARNING] axes.handlers.database: AXES: New login failure by {username: ""********************"", ip_address: ""********************"", user_agent: ""Mozilla/5.0 (Windows NT 10.0; Win64; x64) AppleWebKit/537.36 (KHTML, like Gecko) Chrome/148.0.0.0 Safari/537.36"", path_info: ""/admin/login/""}. Created new record in the database.",{},"{""idDeployment"":""2f999427-6653-4e47-9321-34965df91a98"",""idApp"":""1e39cde8-5647-4752-ae30-96f37b63b227"",""container"":""stateless"",""podName"":""mailyt-cuidalegacy-wxnx5-web-d4d7cdcf6-6pb5x"",""idProcess"":""98a19179-c453-4c36-895f-3063774b4add"",""idCompany"":""4d4bb1b2-9be4-42a9-b4a9-b948a3d2d863""}"
c7f450e6-5e36-44ba-bd83-dfc82deeafb3,2026-06-04 05:43:11.455863000,"127.0.0.6:35505 - - [03/Jun/2026:23:43:11] ""POST /admin/login/?next=/admin/"" 200 10286",{},"{""idDeployment"":""2f999427-6653-4e47-9321-34965df91a98"",""idApp"":""1e39cde8-5647-4752-ae30-96f37b63b227"",""container"":""stateless"",""podName"":""mailyt-cuidalegacy-wxnx5-web-d4d7cdcf6-6pb5x"",""idProcess"":""98a19179-c453-4c36-895f-3063774b4add"",""idCompany"":""4d4bb1b2-9be4-42a9-b4a9-b948a3d2d863""}"